[
  {
    "title": "Bromley Grey 3 Drawer Chest",
    "price": 169,
    "link": "https://www.dunelm.com/product/bromley-grey-3-drawer-chest-1000146561",
    "image": "https://images.dunelm.com/30645258.jpg?$v8srpgrid$&img404=noimagedefault",
    "status": ""
  },
  {
    "title": "Legato White Gloss 8 Drawer Wide Chest",
    "price": 399,
    "link": "https://www.dunelm.com/product/legato-white-gloss-8-drawer-wide-chest-1000097719",
    "image": "https://images.dunelm.com/30359165.jpg?$v8srpgrid$&img404=noimagedefault",
    "status": "Online Only"
  },
  {
    "title": "Indi 3 Drawer Chest",
    "price": 349,
    "link": "https://www.dunelm.com/product/indi-3-drawer-chest-1000187823",
    "image": "https://images.dunelm.com/30727645.jpg?$v8srpgrid$&img404=noimagedefault",
    "status": "New"
  },
  {
    "title": "Carys 5 Drawer Chest",
    "price": 229,
    "link": "https://www.dunelm.com/product/carys-5-drawer-chest-1000162408",
    "image": "https://images.dunelm.com/30685750.jpg?$v8srpgrid$&img404=noimagedefault",
    "status": "Online Only"
  },
  {
    "title": "Toulouse Silver Wide 4 Drawer Chest",
    "price": 229,
    "link": "https://www.dunelm.com/product/toulouse-silver-wide-4-drawer-chest-1000038737",
    "image": "https://images.dunelm.com/30128409.jpg?$v8srpgrid$&img404=noimagedefault",
    "status": "Online Only"
  },
  {
    "title": "Legato White 5 Drawer Chest",
    "price": 299,
    "link": "https://www.dunelm.com/product/legato-white-5-drawer-chest-1000111199",
    "image": "https://images.dunelm.com/30520403.jpg?$v8srpgrid$&img404=noimagedefault",
    "status": "Online Only"
  },
  {
    "title": "Toulouse Ivory Wide 4 Drawer Chest",
    "price": 229,
    "link": "https://www.dunelm.com/product/toulouse-ivory-wide-4-drawer-chest-1000033880",
    "image": "https://images.dunelm.com/30124850.jpg?$v8srpgrid$&img404=noimagedefault",
    "status": ""
  },
  {
    "title": "Panama 4 Drawer Chest",
    "price": 85,
    "link": "https://www.dunelm.com/product/panama-4-drawer-chest-1000097124",
    "image": "https://images.dunelm.com/30312739.jpg?$v8srpgrid$&img404=noimagedefault",
    "status": "Online Only"
  },
  {
    "title": "Lucy Cane Grey Tall Boy",
    "price": 169,
    "link": "https://www.dunelm.com/product/lucy-cane-grey-tall-boy-1000146612",
    "image": "https://images.dunelm.com/30645311.jpg?$v8srpgrid$&img404=noimagedefault",
    "status": "Online Only"
  },
  {
    "title": "Legato Light Grey Gloss 6 Drawer Wide Chest",
    "price": 349,
    "link": "https://www.dunelm.com/product/legato-light-grey-gloss-6-drawer-wide-chest-1000097712",
    "image": "https://images.dunelm.com/30359155.jpg?$v8srpgrid$&img404=noimagedefault",
    "status": "Online Only"
  },
  {
    "title": "Murray 4 Drawer Chest",
    "price": 299,
    "link": "https://www.dunelm.com/product/murray-4-drawer-chest-oak-1000170452",
    "image": "https://images.dunelm.com/30708690.jpg?$v8srpgrid$&img404=noimagedefault",
    "status": ""
  },
  {
    "title": "Legato Graphite Gloss 5 Drawer Tallboy",
    "price": 229,
    "link": "https://www.dunelm.com/product/legato-black-gloss-5-drawer-tallboy-1000097703",
    "image": "https://images.dunelm.com/30359143.jpg?$v8srpgrid$&img404=noimagedefault",
    "status": "Online Only"
  },
  {
    "title": "Manhattan White 3 Drawer Chest",
    "price": 219,
    "link": "https://www.dunelm.com/product/manhattan-white-3-drawer-chest-1000095055",
    "image": "https://images.dunelm.com/30304312.jpg?$v8srpgrid$&img404=noimagedefault",
    "status": "Online Only"
  },
  {
    "title": "Ethan Light Grey 3 Drawer Double Chest",
    "price": 359,
    "link": "https://www.dunelm.com/product/ethan-light-grey-3-drawer-double-chest-1000160665",
    "image": "https://images.dunelm.com/30662273.jpg?$v8srpgrid$&img404=noimagedefault",
    "status": "Online Only"
  },
  {
    "title": "Legato Light Grey 5 Drawer Chest",
    "price": 319,
    "link": "https://www.dunelm.com/product/legato-light-grey-5-drawer-chest-1000113924",
    "image": "https://images.dunelm.com/30540502.jpg?$v8srpgrid$&img404=noimagedefault",
    "status": "Online Only"
  },
  {
    "title": "Ethan White 5 Drawer Chest",
    "price": 329,
    "link": "https://www.dunelm.com/product/ethan-white-5-drawer-chest-1000160680",
    "image": "https://images.dunelm.com/30662285.jpg?$v8srpgrid$&img404=noimagedefault",
    "status": "Online Only"
  },
  {
    "title": "Ethan Light Grey 5 Drawer Chest",
    "price": 329,
    "link": "https://www.dunelm.com/product/ethan-light-grey-5-drawer-chest-1000160663",
    "image": "https://images.dunelm.com/30662271.jpg?$v8srpgrid$&img404=noimagedefault",
    "status": "Online Only"
  },
  {
    "title": "Kensington 4 Drawer Chest",
    "price": 169,
    "link": "https://www.dunelm.com/product/kensington-4-drawer-chest-1000124909",
    "image": "https://images.dunelm.com/30606050.jpg?$v8srpgrid$&img404=noimagedefault",
    "status": "Online Only"
  },
  {
    "title": "Fulton 4 Drawer Chest",
    "price": 199,
    "link": "https://www.dunelm.com/product/fulton-4-drawer-chest-1000146586",
    "image": "https://images.dunelm.com/30646787.jpg?$v8srpgrid$&img404=noimagedefault",
    "status": "Online Only"
  },
  {
    "title": "Ottawa White 6 Drawer Chest",
    "price": 129,
    "link": "https://www.dunelm.com/product/ottawa-white-6-drawer-chest-1000111004",
    "image": "https://images.dunelm.com/30427496.jpg?$v8srpgrid$&img404=noimagedefault",
    "status": "Online Only"
  },
  {
    "title": "Freya Chest of Drawers",
    "price": 299,
    "link": "https://www.dunelm.com/product/freya-chest-of-drawers-1000157743",
    "image": "https://images.dunelm.com/30666103.jpg?$v8srpgrid$&img404=noimagedefault",
    "status": "Online Only"
  },
  {
    "title": "Piper 8 Drawer Wide Chest",
    "price": 329,
    "link": "https://www.dunelm.com/product/piper-8-drawer-wide-chest-1000170488",
    "image": "https://images.dunelm.com/30708939.jpg?$v8srpgrid$&img404=noimagedefault",
    "status": ""
  },
  {
    "title": "Murray 8 Drawer Wide Chest",
    "price": 515,
    "link": "https://www.dunelm.com/product/murray-8-drawer-wide-chest-oak-1000170456",
    "image": "https://images.dunelm.com/30708699.jpg?$v8srpgrid$&img404=noimagedefault",
    "status": ""
  },
  {
    "title": "Corona 5 Drawer Narrow Chest",
    "price": 159,
    "link": "https://www.dunelm.com/product/corona-5-drawer-narrow-chest-1000133715",
    "image": "https://images.dunelm.com/30617600.jpg?$v8srpgrid$&img404=noimagedefault",
    "status": "Online Only"
  },
  {
    "title": "Parker Beige 5 Drawer Tallboy",
    "price": 149,
    "link": "https://www.dunelm.com/product/parker-5-drawer-tallboy-beige-oak-1000170474",
    "image": "https://images.dunelm.com/30708783.jpg?$v8srpgrid$&img404=noimagedefault",
    "status": ""
  },
  {
    "title": "Ludlow Grey Chest of Drawers",
    "price": 139,
    "link": "https://www.dunelm.com/product/ludlow-grey-chest-of-drawers-1000111220",
    "image": "https://images.dunelm.com/30520312.jpg?$v8srpgrid$&img404=noimagedefault",
    "status": "Online Only"
  },
  {
    "title": "Compton Ivory 7 Drawer Chest",
    "price": 469,
    "link": "https://www.dunelm.com/product/compton-ivory-7-drawer-chest-1000133575",
    "image": "https://images.dunelm.com/30605524.jpg?$v8srpgrid$&img404=noimagedefault",
    "status": ""
  },
  {
    "title": "Boston 6 Drawer Chest",
    "price": 250,
    "link": "https://www.dunelm.com/product/boston-6-drawer-chest-1000134025",
    "image": "https://images.dunelm.com/30619020.jpg?$v8srpgrid$&img404=noimagedefault",
    "status": "Online Only"
  },
  {
    "title": "Lynx Grey 4 Drawer Chest",
    "price": 129,
    "link": "https://www.dunelm.com/product/lynx-grey-4-drawer-chest-1000165942",
    "image": "https://images.dunelm.com/30693666.jpg?$v8srpgrid$&img404=noimagedefault",
    "status": "Online Only"
  },
  {
    "title": "Aylesbury Oak 5 Drawer Chest",
    "price": 379,
    "link": "https://www.dunelm.com/product/aylesbury-oak-5-drawer-chest-1000026823",
    "image": "https://images.dunelm.com/30115831.jpg?$v8srpgrid$&img404=noimagedefault",
    "status": "Online Only"
  },
  {
    "title": "Corona Carbon 4 Drawer Chest",
    "price": 199,
    "link": "https://www.dunelm.com/product/corona-carbon-4-drawer-chest-1000158849",
    "image": "https://images.dunelm.com/30661492.jpg?$v8srpgrid$&img404=noimagedefault",
    "status": "Online Only"
  },
  {
    "title": "Wilby Cream 5 Drawer Chest",
    "price": 379,
    "link": "https://www.dunelm.com/product/wilby-cream-5-drawer-chest-1000078444",
    "image": "https://images.dunelm.com/30234815.jpg?$v8srpgrid$&img404=noimagedefault",
    "status": "Online Only"
  },
  {
    "title": "Corona 3 Plus 3 Drawer White Wide Chest",
    "price": 274,
    "link": "https://www.dunelm.com/product/corona-3-plus-3-drawer-white-wide-chest-1000125332",
    "image": "https://images.dunelm.com/30606750.jpg?$v8srpgrid$&img404=noimagedefault",
    "status": "Online Only"
  },
  {
    "title": "Lennon Oak Effect 3 Drawer Chest",
    "price": 109,
    "link": "https://www.dunelm.com/product/lennon-oak-effect-3-drawer-chest-1000099944",
    "image": "https://images.dunelm.com/30418657.jpg?$v8srpgrid$&img404=noimagedefault",
    "status": "Online Only"
  },
  {
    "title": "Lennon Narrow Oak 5 Chest of Drawer",
    "price": 139,
    "link": "https://www.dunelm.com/product/lennon-narrow-oak-5-chest-of-drawer-1000125522",
    "image": "https://images.dunelm.com/30607005.jpg?$v8srpgrid$&img404=noimagedefault",
    "status": "Online Only"
  },
  {
    "title": "Ottawa Black 6 Drawer Chest",
    "price": 129,
    "link": "https://www.dunelm.com/product/ottawa-black-6-drawer-chest-1000100827",
    "image": "https://images.dunelm.com/30427494.jpg?$v8srpgrid$&img404=noimagedefault",
    "status": "Online Only"
  },
  {
    "title": "Lucy Cane Cream Tall Boy",
    "price": 169,
    "link": "https://www.dunelm.com/product/lucy-cane-cream-tall-boy-1000146608",
    "image": "https://images.dunelm.com/30645313.jpg?$v8srpgrid$&img404=noimagedefault",
    "status": "Online Only"
  },
  {
    "title": "Nevada Narrow Grey Chest of Drawer",
    "price": 109,
    "link": "https://www.dunelm.com/product/nevada-narrow-grey-chest-of-drawer-1000125536",
    "image": "https://images.dunelm.com/30607019.jpg?$v8srpgrid$&img404=noimagedefault",
    "status": "Online Only"
  },
  {
    "title": "Lynx Grey 5 Drawer Chest",
    "price": 159,
    "link": "https://www.dunelm.com/product/lynx-grey-5-drawer-chest-1000165947",
    "image": "https://images.dunelm.com/30693703.jpg?$v8srpgrid$&img404=noimagedefault",
    "status": "Online Only"
  },
  {
    "title": "Corona White 4 Chest of Drawer",
    "price": 269,
    "link": "https://www.dunelm.com/product/corona-white-4-chest-of-drawer-1000125520",
    "image": "https://images.dunelm.com/30607003.jpg?$v8srpgrid$&img404=noimagedefault",
    "status": "Online Only"
  },
  {
    "title": "Corona 3 Drawer Chest",
    "price": 149,
    "link": "https://www.dunelm.com/product/corona-3-drawer-chest-1000097614",
    "image": "https://images.dunelm.com/30358934.jpg?$v8srpgrid$&img404=noimagedefault",
    "status": "Online Only"
  },
  {
    "title": "Delphi Grey Chest of Drawers",
    "price": 219,
    "link": "https://www.dunelm.com/product/delphi-chest-of-drawers-1000162420",
    "image": "https://images.dunelm.com/30685742.jpg?$v8srpgrid$&img404=noimagedefault",
    "status": ""
  },
  {
    "title": "Corona 2 Plus 2 Drawer White Chest",
    "price": 244,
    "link": "https://www.dunelm.com/product/corona-2-plus-2-drawer-white-chest-1000125331",
    "image": "https://images.dunelm.com/30606749.jpg?$v8srpgrid$&img404=noimagedefault",
    "status": "Online Only"
  },
  {
    "title": "Corona 6 Drawer Chest",
    "price": 229,
    "link": "https://www.dunelm.com/product/corona-6-drawer-chest-1000097617",
    "image": "https://images.dunelm.com/30359232.jpg?$v8srpgrid$&img404=noimagedefault",
    "status": "Online Only"
  },
  {
    "title": "Seville White 3 Drawer Chest",
    "price": 199,
    "link": "https://www.dunelm.com/product/seville-white-3-drawer-chest-1000095122",
    "image": "https://images.dunelm.com/30304654.jpg?$v8srpgrid$&img404=noimagedefault",
    "status": "Online Only"
  }
]